{"loss": [0.9949517250061035, 0.4823373556137085, 0.4231996536254883, 0.3927811086177826, 0.37559452652931213, 0.36315175890922546, 0.35390034317970276, 0.3455102741718292, 0.34020426869392395, 0.33483079075813293, 0.3300800621509552, 0.3258320093154907, 0.322480171918869, 0.3192252814769745, 0.3164169490337372, 0.3148530423641205, 0.31259819865226746, 0.3106667101383209, 0.3082665205001831, 0.30499398708343506, 0.30414414405822754, 0.3027702867984772, 0.3023589253425598, 0.2997894287109375, 0.2985428273677826, 0.296248197555542, 0.2945980429649353, 0.29494085907936096, 0.29345569014549255, 0.2918403744697571, 0.29103583097457886, 0.29034513235092163, 0.288582444190979, 0.2886595129966736, 0.28707003593444824, 0.2866089344024658, 0.28664591908454895, 0.2851104438304901, 0.2852535843849182, 0.2840259075164795, 0.2820747196674347, 0.2820553779602051, 0.28128156065940857, 0.2804953455924988, 0.2798474431037903, 0.27983805537223816, 0.27881938219070435, 0.27795925736427307, 0.2780352830886841, 0.2777300477027893, 0.2767191231250763, 0.2761135697364807, 0.2755192220211029, 0.2757020592689514, 0.27510035037994385, 0.2737251818180084, 0.27426689863204956, 0.2739109694957733, 0.2732822895050049, 0.2726884186267853, 0.2715151309967041, 0.27060163021087646, 0.27109137177467346, 0.2707717716693878, 0.27090853452682495, 0.26994460821151733, 0.2693284749984741, 0.268881231546402, 0.26869887113571167, 0.26802173256874084, 0.26846569776535034, 0.2679716944694519, 0.2669292688369751, 0.26774081587791443, 0.26753517985343933, 0.2669323682785034, 0.26593640446662903, 0.26647984981536865, 0.2657996416091919, 0.26477348804473877, 0.26439183950424194, 0.2647201716899872, 0.26488015055656433, 0.26488566398620605, 0.26446619629859924, 0.26356634497642517, 0.26357701420783997, 0.26346904039382935, 0.26336291432380676, 0.2629000246524811, 0.261766254901886, 0.2624875009059906, 0.2612147033214569, 0.2616612911224365, 0.2614031732082367, 0.2610274851322174, 0.26126575469970703, 0.2607777714729309, 0.26112592220306396, 0.2609230875968933], "categorical_accuracy": [0.7098568081855774, 0.8376290798187256, 0.8551862835884094, 0.863921046257019, 0.869174063205719, 0.872593104839325, 0.8757470846176147, 0.8777064085006714, 0.878960132598877, 0.8805416226387024, 0.8817594647407532, 0.8834752440452576, 0.8841648101806641, 0.8849474787712097, 0.8856638669967651, 0.8860775828361511, 0.8866453766822815, 0.8871826529502869, 0.88744056224823, 0.8883450031280518, 0.888896644115448, 0.8890900611877441, 0.8893837928771973, 0.8899945616722107, 0.8904207944869995, 0.8910781145095825, 0.8909599184989929, 0.8913431763648987, 0.8917533159255981, 0.8925807476043701, 0.892566442489624, 0.8928332924842834, 0.8930051922798157, 0.8928977847099304, 0.8932917714118958, 0.8933347463607788, 0.8936231136322021, 0.8940189480781555, 0.8938416242599487, 0.8941586017608643, 0.8949878811836243, 0.8945401310920715, 0.8943879008293152, 0.8952171206474304, 0.8952959179878235, 0.89533531665802, 0.8956612944602966, 0.8958654403686523, 0.8956971168518066, 0.8959818482398987, 0.8958941102027893, 0.8966051340103149, 0.8965334892272949, 0.8962612748146057, 0.8964027762413025, 0.8968254327774048, 0.8964887261390686, 0.8967179656028748, 0.8968111276626587, 0.896999180316925, 0.8974362015724182, 0.8979842066764832, 0.8972123265266418, 0.8976797461509705, 0.8976260423660278, 0.8978481292724609, 0.8976797461509705, 0.897711992263794, 0.897926926612854, 0.8983280658721924, 0.8983889818191528, 0.8982206583023071, 0.8989477753639221, 0.8983925580978394, 0.8981668949127197, 0.8987060189247131, 0.8988403081893921, 0.8986916542053223, 0.8990122675895691, 0.8988420963287354, 0.8992003202438354, 0.8989782333374023, 0.8990212082862854, 0.8990176320075989, 0.8990552425384521, 0.8991376161575317, 0.8991609215736389, 0.8995083570480347, 0.8997232913970947, 0.8996373414993286, 0.9000850915908813, 0.8996158242225647, 0.9002193808555603, 0.8998576402664185, 0.9000850915908813, 0.900038480758667, 0.8997716307640076, 0.9000098705291748, 0.8998737335205078, 0.900004506111145], "val_loss": [7.05653190612793, 0.4547252058982849, 0.3212791681289673, 0.3056580126285553, 0.30458635091781616, 0.30492356419563293, 0.2928383946418762, 0.2860238552093506, 0.28172567486763, 0.284187912940979, 0.27636459469795227, 0.2716551423072815, 0.27075162529945374, 0.2690730690956116, 0.2691349983215332, 0.2670851945877075, 0.2627866268157959, 0.26275038719177246, 0.26991957426071167, 0.25805771350860596, 0.25974783301353455, 0.2672676742076874, 0.2629840075969696, 0.263884574174881, 0.2568422555923462, 0.25980186462402344, 0.2592465579509735, 0.25749439001083374, 0.26022985577583313, 0.2583148777484894, 0.2625085413455963, 0.26005756855010986, 0.25824159383773804, 0.25713345408439636, 0.25381290912628174, 0.2536241114139557, 0.25265952944755554, 0.2569764256477356, 0.2541655898094177, 0.25571295619010925, 0.25627967715263367, 0.25441962480545044, 0.2495347261428833, 0.2565847933292389, 0.25552594661712646, 0.25620174407958984, 0.2534353733062744, 0.25355032086372375, 0.25196024775505066, 0.25062593817710876, 0.2517679035663605, 0.25088611245155334, 0.2527686655521393, 0.2505066692829132, 0.2511054277420044, 0.2489623725414276, 0.250906765460968, 0.2508363723754883, 0.24868199229240417, 0.252755343914032, 0.2512829601764679, 0.253898948431015, 0.24708355963230133, 0.2496435046195984, 0.25050440430641174, 0.2479613721370697, 0.2488694041967392, 0.2517291009426117, 0.24858640134334564, 0.25217491388320923, 0.2487816959619522, 0.25239449739456177, 0.24866604804992676, 0.24953654408454895, 0.24880145490169525, 0.24957391619682312, 0.24898450076580048, 0.24701754748821259, 0.2465752810239792, 0.24564242362976074, 0.2495528608560562, 0.2460550218820572, 0.24734246730804443, 0.24650028347969055, 0.24838681519031525, 0.2527400851249695, 0.24835824966430664, 0.25042322278022766, 0.24765890836715698, 0.2494526505470276, 0.25152647495269775, 0.2473876029253006, 0.2497512251138687, 0.24624598026275635, 0.24769532680511475, 0.24797376990318298, 0.24450290203094482, 0.24517086148262024, 0.2501622438430786, 0.24727721512317657],