{"loss": [0.8568910360336304, 0.45151785016059875, 0.40538090467453003, 0.38199231028556824, 0.36581775546073914, 0.3573251962661743, 0.3491229712963104, 0.3412996828556061, 0.33660218119621277, 0.3333623707294464, 0.32926708459854126, 0.32620492577552795, 0.32251685857772827, 0.3204028010368347, 0.31748223304748535, 0.3157629668712616, 0.3131664991378784, 0.3113928735256195, 0.30993762612342834, 0.3082611560821533, 0.3071706295013428, 0.3049701154232025, 0.3040209114551544, 0.3034776449203491, 0.3017195165157318, 0.3011113703250885, 0.30007633566856384, 0.29892104864120483, 0.29767459630966187, 0.2956151068210602], "categorical_accuracy": [0.742888331413269, 0.8465124368667603, 0.86020827293396, 0.8667401075363159, 0.871522068977356, 0.8738951683044434, 0.8763255476951599, 0.8782742023468018, 0.8798215985298157, 0.8804824948310852, 0.8820747137069702, 0.8831170797348022, 0.8834537863731384, 0.8845176100730896, 0.8851480484008789, 0.8860256671905518, 0.8864250779151917, 0.887091338634491, 0.887205958366394, 0.8879993557929993, 0.8886118531227112, 0.888961136341095, 0.888889491558075, 0.8891008496284485, 0.8892638087272644, 0.8895933628082275, 0.8899694681167603, 0.8905407786369324, 0.8904763460159302, 0.8914738893508911], "val_loss": [0.5020074844360352, 0.3208850920200348, 0.310476690530777, 0.2987937927246094, 0.2941173017024994, 0.28923875093460083, 0.28800156712532043, 0.281241774559021, 0.2814904749393463, 0.2774304747581482, 0.2761586606502533, 0.2721284329891205, 0.2691683769226074, 0.2708859443664551, 0.26525741815567017, 0.26739636063575745, 0.26497480273246765, 0.26968711614608765, 0.26412034034729004, 0.2632850110530853, 0.2637087106704712, 0.26626530289649963, 0.26062440872192383, 0.261933296918869, 0.2625051736831665, 0.2610774338245392, 0.25775426626205444, 0.25932565331459045, 0.2584095001220703, 0.26274722814559937], "val_categorical_accuracy": [0.8270684480667114, 0.8843803405761719, 0.8872459530830383, 0.892009973526001, 0.8927192091941833, 0.8923109173774719, 0.8938654661178589, 0.8965018391609192, 0.895892858505249, 0.8960505127906799, 0.8969818353652954, 0.8991238474845886, 0.8999261856079102, 0.8999978303909302, 0.901674211025238, 0.9007357358932495, 0.9013088345527649, 0.8990665078163147, 0.9012014269828796, 0.9017816781997681, 0.9011656045913696, 0.9011656045913696, 0.9024407863616943, 0.9019392728805542, 0.9030497074127197, 0.901638388633728, 0.903544008731842, 0.9025840759277344, 0.9023404717445374, 0.9014378190040588]}