{"loss": [0.40594977140426636, 0.2743447721004486, 0.2534542679786682, 0.23903673887252808, 0.22667334973812103, 0.21547867357730865, 0.20585505664348602, 0.1970394253730774, 0.18814997375011444, 0.18082158267498016, 0.173958420753479], "categorical_accuracy": [0.8621371984481812, 0.8978444933891296, 0.9038246870040894, 0.9083254933357239, 0.9116621613502502, 0.9149289131164551, 0.9175205230712891, 0.9203252196311951, 0.9229007363319397, 0.9252863526344299, 0.9274606108665466], "val_loss": [0.2941844165325165, 0.2742610573768616, 0.2603197395801544, 0.25790509581565857, 0.25836628675460815, 0.2608204782009125, 0.2605683207511902, 0.26392263174057007, 0.27593550086021423, 0.28715214133262634, 0.2934068739414215], "val_categorical_accuracy": [0.8901545405387878, 0.8989017605781555, 0.9026700258255005, 0.9043177366256714, 0.9046257734298706, 0.9013160467147827, 0.9042460918426514, 0.9031356573104858, 0.9019249677658081, 0.8990808725357056, 0.9012085795402527]}